<?xml version="1.0" encoding="UTF-8" standalone="no"?>
<system additive="true" points="false">
<emitter imageName="" name="Default" renderType="inherit" useAdditive="false" useOriented="false">
<spawnInterval enabled="false" max="100.0" min="100.0"/>
<spawnCount enabled="true" max="5.0" min="5.0"/>
<initialLife enabled="true" max="1400.0" min="1400.0"/>
<initialSize enabled="true" max="11.0" min="11.0"/>
<xOffset enabled="false" max="0.0" min="0.0"/>
<yOffset enabled="false" max="0.0" min="0.0"/>
<initialDistance enabled="false" max="0.0" min="0.0"/>
<speed enabled="true" max="75.0" min="75.0"/>
<length enabled="false" max="1000.0" min="1000.0"/>
<emitCount enabled="false" max="1000.0" min="1000.0"/>
<spread type="random" value="360.0"/>
<angularOffset type="simple" value="0.0"/>
<growthFactor type="simple" value="200.0"/>
<gravityFactor type="simple" value="0.0"/>
<windFactor type="simple" value="0.0"/>
<startAlpha type="simple" value="255.0"/>
<endAlpha type="simple" value="0.0"/>
<alpha active="false" max="255" min="0" type="linear">
<point x="0.0" y="0.0"/>
<point x="1.0" y="255.0"/>
</alpha>
<size active="false" max="255" min="0" type="linear">
<point x="0.0" y="0.0"/>
<point x="1.0" y="255.0"/>
</size>
<velocity active="false" max="1" min="0" type="linear">
<point x="0.0" y="0.0"/>
<point x="1.0" y="1.0"/>
</velocity>
<scaleY active="false" max="1" min="0" type="linear">
<point x="0.0" y="0.0"/>
<point x="1.0" y="1.0"/>
</scaleY>
<color>
<step b="1.0" g="1.0" offset="0.0" r="1.0"/>
<step b="1.0" g="0.4509804" offset="1.0" r="0.0"/>
</color>
</emitter>
</system>
