<ias>
	<!-- *********************************** -->
    <!-- ********** Main players *********** -->
    <!-- *********************************** -->
    <!-- Timéo -->
    <ia>
		<id>0</id>
        <images>
            <walk>timeo_walk.png</walk>
            <walknum>3</walknum>
            <jump>timeo_jmp.png</jump>
            <jumpnum>1</jumpnum>
        </images>
        <size>
            <width>40</width>
            <height>74</height>
            <yoffset>0</yoffset>
        </size>
        <sounds>
            <main>mystic_spirit</main>
            <dejavu>deja_rencontres</dejavu>
            <troptot>deja_rencontres</troptot>
        </sounds>
    </ia>
     
	<!-- Aurore -->
    <ia>
		<id>1</id>
        <images>
            <walk>aurore_walk.png</walk>
            <walknum>3</walknum>
            <jump>aurore_jmp.png</jump>
            <jumpnum>1</jumpnum>
        </images>
        <size>
            <width>40</width>
            <height>74</height>
            <yoffset>0</yoffset>
        </size>
        <sounds>
            <main>mystic_spirit</main>
            <dejavu>deja_rencontres</dejavu>
            <troptot>deja_rencontres</troptot>
        </sounds>
    </ia>
    <!-- Tux -->
    <ia>
		<id>2</id>
        <images>
            <walk>tux_walk.png</walk>
            <walknum>7</walknum>
            <jump>tux_jmp.png</jump>
            <jumpnum>1</jumpnum>
        </images>
        <size>
            <width>65</width>
            <height>95</height>
            <yoffset>0</yoffset>
        </size>
        <sounds>
            <main>mystic_spirit</main>
            <dejavu>deja_rencontres</dejavu>
            <troptot>deja_rencontres</troptot>
        </sounds>
    </ia>
    <!-- Lamasticot -->
    <ia>
		<id>3</id>
        <images>
            <walk>lama.png</walk>
            <walknum>7</walknum>
            <jump>lama_jump.png</jump>
            <jumpnum>6</jumpnum>
        </images>
        <size>
            <width>125</width>
            <height>92</height>
            <yoffset>0</yoffset>
        </size>
        <sounds>
            <main>mystic_spirit</main>
            <dejavu>deja_rencontres</dejavu>
            <troptot>deja_rencontres</troptot>
        </sounds>
    </ia>
    
    <!-- ****************************** -->
    <!-- ********** Special *********** -->
    <!-- ****************************** -->
    <!-- Spirit -->
    <ia>
		<id>4</id>
        <images>
            <walk></walk>
            <walknum>0</walknum>
            <jump></jump>
            <jumpnum>0</jumpnum>
        </images>
        <size>
            <width>5</width>
            <height>5</height>
            <yoffset>0</yoffset>
        </size>
        <sounds>
            <main>mystic_spirit</main>
            <dejavu></dejavu>
            <troptot></troptot>
        </sounds>
    </ia>
    
    <!-- IA questions : alien -->
    <ia>
		<id>5</id>
        <images>
            <walk>homeranim_big.png</walk>
            <walknum>8</walknum>
            <jump>homeranim_big.png</jump>
            <jumpnum>1</jumpnum>
        </images>
        <size>
            <width>72</width>
            <height>130</height>
            <yoffset>4</yoffset>
        </size>
        <sounds>
            <main>mystic_spirit</main>
            <dejavu>deja_rencontres</dejavu>
            <troptot>deja_rencontres</troptot>
        </sounds>
    </ia>
    
    <!-- ********************************* -->
    <!-- ********** Characters *********** -->
    <!-- ********************************* -->
    <!-- Vieux -->
    <ia>
		<id>6</id>
        <images>
            <walk>vieux_sprite.png</walk>
            <walknum>1</walknum>
            <jump>vieux_sprite.png</jump>
            <jumpnum>1</jumpnum>
        </images>
        <size>
            <width>90</width>
            <height>107</height>
            <yoffset>0</yoffset>
        </size>
        <sounds>
            <main>mystic_spirit</main>
            <dejavu>deja_rencontres</dejavu>
            <troptot>deja_rencontres</troptot>
        </sounds>
    </ia>
    
    <!-- Un homme -->
    <ia>
		<id>7</id>
        <images>
            <walk>homme_sprite.png</walk>
            <walknum>1</walknum>
            <jump>homme_sprite.png</jump>
            <jumpnum>1</jumpnum>
        </images>
        <size>
            <width>90</width>
            <height>130</height>
            <yoffset>0</yoffset>
        </size>
        <sounds>
            <main>mystic_spirit</main>
            <dejavu>deja_rencontres</dejavu>
            <troptot>deja_rencontres</troptot>
        </sounds>
    </ia>
    
    <!-- Un enfant -->
    <ia>
		<id>8</id>
        <images>
            <walk>enfant_sprite.png</walk>
            <walknum>1</walknum>
            <jump>enfant_sprite.png</jump>
            <jumpnum>1</jumpnum>
        </images>
        <size>
            <width>90</width>
            <height>128</height>
            <yoffset>4</yoffset>
        </size>
        <sounds>
            <main>mystic_spirit</main>
            <dejavu>deja_rencontres</dejavu>
            <troptot>deja_rencontres</troptot>
        </sounds>
    </ia>
    
    <!-- ************************************* -->
    <!-- *************** H - S *************** -->
    <!-- ************************************* -->
    <!-- Homer -->
    <ia>
		<id>100</id>
        <images>
            <walk>homeranim_big.png</walk>
            <walknum>8</walknum>
            <jump>homeranim_big.png</jump>
            <jumpnum>1</jumpnum>
        </images>
        <size>
            <width>72</width>
            <height>130</height>
            <yoffset>4</yoffset>
        </size>
        <sounds>
            <main>mystic_spirit</main>
            <dejavu>deja_rencontres</dejavu>
            <troptot>deja_rencontres</troptot>
        </sounds>
    </ia>
</ias>
