<nodes>
	<node>
		<id>0</id>
		<ia>1</ia>
		<type_ia></type_ia>
		<events>
		</events>
		<node_id>0</node_id>
	</node>


	<node>
		<id>1</id>
		<ia>1</ia>
		<type_ia>WalkingIA</type_ia>
		<events>
			<event>
				<type>D</type>
				<param>minijeuvaisseauF1</param>
				<param>interrogation.png</param>
			</event>
			<event>
				<type>C</type>
				<param></param>
				<param>interrogation.png</param>
			</event>
			<event>
				<type>S</type>
				<param>1</param>
				<param>interrogation.png</param>
			</event>
		</events>
		<node_id>2</node_id>
	</node>
	<node>
		<id>2</id>
		<ia>1</ia>
		<type_ia>Spirit</type_ia>
		<events>
			<event>
				<type>D</type>
				<param>minijeuvaisseauF1</param>
				<param>interrogation.png</param>
			</event>
		</events>
		<node_id>3</node_id>
	</node>
	<node>
		<id>3</id>
		<ia>2</ia>
		<type_ia>Spirit</type_ia>
		<events>
			<event>
				<type>D</type>
				<param>oui</param>
				<param>interrogation.png</param>
			</event>
		</events>
		<node_id>3</node_id>
	</node>
	
	<!-- ************************************************************************ -->
	<!-- Noeuds de 1xxxx => noeuds de didacticiel -->
	<node>
		<id>10000</id>
		<ia>-1</ia>
		<type_ia>Spirit</type_ia>
		<events>
			<event>
				<type>D</type>
				<param>learn1</param>
				<param>blue_spirit_emit.xml</param>
			</event>
		</events>
		<node_id>10001</node_id>
	</node>
	<node>
		<id>10001</id>
		<ia>4</ia>
		<type_ia>Spirit</type_ia>
		<events>
			<event>
				<type>D</type>
				<param>learn2</param>
				<param>blue_spirit_emit.xml</param>
			</event>
		</events>
		<node_id>10002</node_id>
	</node>
	<node>
		<id>10002</id>
		<ia>4</ia>
		<type_ia>Spirit</type_ia>
		<events>
			<event>
				<type>D</type>
				<param>learn3</param>
				<param>blue_spirit_emit.xml</param>
			</event>
		</events>
		<node_id>10003</node_id>
	</node>
	<node>
		<id>10003</id>
		<ia>4</ia>
		<type_ia>Spirit</type_ia>
		<events>
			<event>
				<type>D</type>
				<param>learn4</param>
				<param>blue_spirit_emit.xml</param>
			</event>
		</events>
		<node_id>10004</node_id>
	</node>
	<node>
		<id>10004</id>
		<ia>4</ia>
		<type_ia>Spirit</type_ia>
		<events>
			<event>
				<type>D</type>
				<param>learn5</param>
				<param>blue_spirit_emit.xml</param>
			</event>
		</events>
		<node_id>10005</node_id>
	</node>
	<node>
		<id>10005</id>
		<ia>4</ia>
		<type_ia>Spirit</type_ia>
		<events>
			<event>
				<type>D</type>
				<param>learn6</param>
				<param>blue_spirit_emit.xml</param>
			</event>
		</events>
		<node_id>10006</node_id>
	</node>
	<node>
		<id>10006</id>
		<ia>4</ia>
		<type_ia>Spirit</type_ia>
		<events>
			<event>
				<type>D</type>
				<param>learn7</param>
				<param>blue_spirit_emit.xml</param>
			</event>
		</events>
		<node_id>-1</node_id>
	</node>
	<!-- ************************************************************************ -->
	<!-- Noeuds de 2xxxx => noeuds d'Aurore -->
	<node>
		<id>20000</id>
		<ia>-1</ia>
		<type_ia>WalkingIA</type_ia>
		<events>
			<event>
				<type>D</type>
				<param>20000</param>
				<param>interrogation.png</param>
			</event>
		</events>
		<node_id>20001</node_id>
	</node>
	<node>
		<id>20001</id>
		<ia>-1</ia>
		<type_ia>WalkingIA</type_ia>
		<events>
			<event>
				<type>D</type>
				<param>20001</param>
				<param>aurore.png</param>
			</event>
		</events>
		<node_id>20002</node_id>
	</node>
	<node>
		<id>20002</id>
		<ia>6</ia>
		<type_ia>StayingIA</type_ia>
		<events>
			<event>
				<type>D</type>
				<param>20002</param>
				<param>vieux.png</param>
			</event>
		</events>
		<node_id>20003</node_id>
	</node>
	<node>
		<id>20003</id>
		<ia>5</ia>
		<type_ia>WalkingIA</type_ia>
		<events>
			<event>
				<type>C</type>
			</event>
		</events>
		<node_id>20004</node_id>
	</node>
	<node>
		<id>20004</id>
		<ia>7</ia>
		<type_ia>StayingIA</type_ia>
		<events>
			<event>
				<type>D</type>
				<param>20004</param>
				<param>homme.png</param>
			</event>
		</events>
		<node_id>20005</node_id>
	</node>
	<node>
		<id>20005</id>
		<ia>3</ia>
		<type_ia>WalkingIA</type_ia>
		<events>
			<event>
				<type>D</type>
				<param>50003</param>
				<param>lama.png</param>
			</event>
		</events>
		<node_id>20006</node_id>
	</node>
	<node>
		<id>20006</id>
		<ia>-1</ia>
		<type_ia>WalkingIA</type_ia>
		<events>
			<event>
				<type>D</type>
				<param>20006</param>
				<param>aurore.png</param>
			</event>
		</events>
		<node_id>20007</node_id>
	</node>
	<node>
		<id>20007</id>
		<ia>7</ia>
		<type_ia>StayingIA</type_ia>
		<events>
			<event>
				<type>D</type>
				<param>20007</param>
				<param>homme.png</param>
			</event>
			<event>
				<type>T</type>
				<param>4</param>
			</event>
			<event>
				<type>D</type>
				<param>20007_2</param>
				<param>aurore.png</param>
			</event>
			<event>
				<type>T</type>
				<param>5</param>
			</event>
		</events>
		<node_id>-1</node_id>
	</node>
	
	<!-- ************************************************************************ -->
	<!-- Noeuds de 3xxxx => noeuds de Timéo -->
	<node>
		<id>30000</id>
		<ia>-1</ia>
		<type_ia>WalkingIA</type_ia>
		<events>
			<event>
				<type>D</type>
				<param>30000</param>
				<param>interrogation.png</param>
			</event>
		</events>
		<node_id>30001</node_id>
	</node>
	
	<node>
		<id>30001</id>
		<ia>-1</ia>
		<type_ia>WalkingIA</type_ia>
		<events>
			<event>
				<type>D</type>
				<param>30001</param>
				<param>aurore.png</param>
			</event>
		</events>
		<node_id>30002</node_id>
	</node>
	
	<node>
		<id>30002</id>
		<ia>-1</ia>
		<type_ia>WalkingIA</type_ia>
		<events>
			<event>
				<type>D</type>
				<param>30002</param>
				<param>interrogation.png</param>
			</event>
		</events>
		<node_id>30003</node_id>
	</node>
	
	<node>
		<id>30003</id>
		<ia>6</ia>
		<type_ia>StayingIA</type_ia>
		<events>
			<event>
				<type>D</type>
				<param>30003</param>
				<param>vieux.png</param>
			</event>
		</events>
		<node_id>30004</node_id>
	</node>
	
	<node>
		<id>30004</id>
		<ia>5</ia>
		<type_ia></type_ia>
		<events>
			<event>
				<type>C</type>
			</event>
		</events>
		<node_id>30005</node_id>
	</node>
	
	<node>
		<id>30005</id>
		<ia>7</ia>
		<type_ia>StayingIA</type_ia>
		<events>
			<event>
				<type>D</type>
				<param>30005</param>
				<param>homme.png</param>
			</event>
		</events>
		<node_id>30006</node_id>
	</node>
	
	<node>
		<id>30006</id>
		<ia>1</ia>
		<type_ia>WalkingIA</type_ia>
		<events>
			<event>
				<type>D</type>
				<param>30006</param>
				<param>aurore.png</param>
			</event>
		</events>
		<node_id>30007</node_id>
	</node>
	
	<node>
		<id>30007</id>
		<ia>5</ia>
		<type_ia>WalkingIA</type_ia>
		<events>
			<event>
				<type>C</type>
			</event>
		</events>
		<node_id>30008</node_id>
	</node>
	
	<node>
		<id>30008</id>
		<ia>7</ia>
		<type_ia>StayingIA</type_ia>
		<events>
			<event>
				<type>D</type>
				<param>30008</param>
				<param>homme.png</param>
			</event>
		</events>
		<node_id>30009</node_id>
	</node>
	
	<node>
		<id>30009</id>
		<ia>5</ia>
		<type_ia>WalkingIA</type_ia>
		<events>
			<event>
				<type>C</type>
			</event>
		</events>
		<node_id>30010</node_id>
	</node>
	
	<node>
		<id>30010</id>
		<ia>6</ia>
		<type_ia>StayingIA</type_ia>
		<events>
			<event>
				<type>D</type>
				<param>30010</param>
				<param>vieux.png</param>
			</event>
		</events>
		<node_id>30011</node_id>
	</node>
	
	<node>
		<id>30011</id>
		<ia>5</ia>
		<type_ia>WalkingIA</type_ia>
		<events>
			<event>
				<type>C</type>
			</event>
		</events>
		<node_id>30012</node_id>
	</node>
	
	<node>
		<id>30012</id>
		<ia>3</ia>
		<type_ia>WalkingIA</type_ia>
		<events>
			<event>
				<type>D</type>
				<param>50009</param>
				<param>lama.png</param>
			</event>
			<event>
				<type>TS</type>
				<param>11</param>
				<param>30013</param>
				<param>30014</param>
			</event>
		</events>
		<node_id>-1</node_id>
	</node>
	
	<node>
		<id>30013</id>
		<ia>-1</ia>
		<type_ia>StayingIA</type_ia>
		<events>
			<event>
				<type>D</type>
				<param>30013</param>
				<param>lama.png</param>
			</event>
		</events>
		<node_id>30015</node_id>
	</node>
	
	<node>
		<id>30014</id>
		<ia>-1</ia>
		<type_ia>StayingIA</type_ia>
		<events>
			<event>
				<type>D</type>
				<param>30014</param>
				<param>lama.png</param>
			</event>
		</events>
		<node_id>30015</node_id>
	</node>
	
	<node>
		<id>30015</id>
		<ia>-1</ia>
		<type_ia>StayingIA</type_ia>
		<events>
			<event>
				<type>D</type>
				<param>30015</param>
				<param>lama.png</param>
			</event>
			<event>
				<type>T</type>
				<param>4</param>
			</event>
			<event>
				<type>T</type>
				<param>5</param>
			</event>
		</events>
		<node_id>-1</node_id>
	</node>
	
	<!-- ************************************************************************ -->
	<!-- Noeuds de 4xxxx => noeuds de Tux -->
	
	<node>
		<id>40000</id>
		<ia>-1</ia>
		<type_ia></type_ia>
		<events>
			<event>
				<type>D</type>
				<param>40000</param>
				<param>tux.png</param>
			</event>
		</events>
		<node_id>40001</node_id>
	</node>
	<node>
		<id>40001</id>
		<ia>5</ia>
		<type_ia>WalkingIA</type_ia>
		<events>
			<event>
				<type>C</type>
				<param></param>
				<param></param>
			</event>
		</events>
		<node_id>40002</node_id>
	</node>
	<node>
		<id>40002</id>
		<ia>5</ia>
		<type_ia>WalkingIA</type_ia>
		<events>
			<event>
				<type>C</type>
				<param></param>
				<param></param>
			</event>
		</events>
		<node_id>40003</node_id>
	</node>
	<node>
		<id>40003</id>
		<ia>7</ia>
		<type_ia>StayingIA</type_ia>
		<events>
			<event>
				<type>D</type>
				<param>40003</param>
				<param>homme.png</param>
			</event>
		</events>
		<node_id>40004</node_id>
	</node>
	<node>
		<id>40004</id>
		<ia>7</ia>
		<type_ia>StayingIA</type_ia>
		<events>
			<event>
				<type>S</type>
				<param>40004</param>
				<param></param>
			</event>
		</events>
		<node_id>-1</node_id>
	</node>
	<node>
		<id>40005</id>
		<ia>8</ia>
		<type_ia>StayingIA</type_ia>
		<events>
			<event>
				<type>D</type>
				<param>40005</param>
				<param>enfant.png</param>
			</event>
		</events>
		<node_id>40007</node_id>
	</node>
	<node>
		<id>40006</id>
		<ia>6</ia>
		<type_ia>StayingIA</type_ia>
		<events>
			<event>
				<type>D</type>
				<param>40006</param>
				<param>vieux.png</param>
			</event>
		</events>
		<node_id>40007</node_id>
	</node>
	<node>
		<id>40007</id>
		<ia>3</ia>
		<type_ia>WalkingIA</type_ia>
		<events>
			<event>
				<type>D</type>
				<param>40007</param>
				<param>lama.png</param>
			</event>
			<event>
				<type>TS</type>
				<param>11</param>
				<param>40008</param>
				<param>40009</param>
			</event>
		</events>
		<node_id>40008</node_id>
	</node>
	<node>
		<id>40008</id>
		<ia>-1</ia>
		<type_ia>StayingIA</type_ia>
		<events>
			<event>
				<type>D</type>
				<param>40008</param>
				<param>lama.png</param>
			</event>
			<event>
				<type>T</type>
				<param>4</param>
			</event>
			<event>
				<type>D</type>
				<param>40008_2</param>
				<param>tux.png</param>
			</event>
		</events>
		<node_id>40010</node_id>
	</node>
	<node>
		<id>40009</id>
		<ia>-1</ia>
		<type_ia>StayingIA</type_ia>
		<events>
			<event>
				<type>D</type>
				<param>40009</param>
				<param>lama.png</param>
			</event>
			<event>
				<type>T</type>
				<param>4</param>
			</event>
			<event>
				<type>D</type>
				<param>40009_2</param>
				<param>tux.png</param>
			</event>
		</events>
		<node_id>40010</node_id>
	</node>
	<node>
		<id>40010</id>
		<ia>5</ia>
		<type_ia>WalkingIA</type_ia>
		<events>
			<event>
				<type>C</type>
				<param></param>
				<param></param>
			</event>
		</events>
		<node_id>40011</node_id>
	</node>
	<node>
		<id>40011</id>
		<ia>5</ia>
		<type_ia>WalkingIA</type_ia>
		<events>
			<event>
				<type>C</type>
				<param></param>
				<param></param>
			</event>
		</events>
		<node_id>40012</node_id>
	</node>
	<node>
		<id>40012</id>
		<ia>8</ia>
		<type_ia>StayingIA</type_ia>
		<events>
			<event>
				<type>D</type>
				<param>40012</param>
				<param>tux.png</param>
			</event>
			<event>
				<type>T</type>
				<param>5</param>
			</event>
		</events>
		<node_id>-1</node_id>
	</node>

	<!-- ************************************************************************ -->
	<!-- Noeuds de 5xxxx => noeuds de Lamasticot -->
	<node>
		<id>50000</id>
		<ia>-1</ia>
		<type_ia></type_ia>
		<events>
			<event>
				<type>D</type>
				<param>50000</param>
				<param>interrogation.png</param>
			</event>
		</events>
		<node_id>50001</node_id>
	</node>
	<node>
		<id>50001</id>
		<ia>3</ia>
		<type_ia></type_ia>
		<events>
			<event>
				<type>D</type>
				<param>50001</param>
				<param>lama.png</param>
			</event>
		</events>
		<node_id>50002</node_id>
	</node>
	<node>
		<id>50002</id>
		<ia>5</ia>
		<type_ia>WalkingIA</type_ia>
		<events>
			<event>
				<type>C</type>
			</event>
		</events>
		<node_id>50003</node_id>
	</node>
	<node>
		<id>50003</id>
		<ia>1</ia>
		<type_ia>WalkingIA</type_ia>
		<events>
			<event>
				<type>D</type>
				<param>50003</param>
				<param>aurore.png</param>
			</event>
			<event>
				<type>T</type>
				<param>4</param>
			</event>
			<event>
				<type>D</type>
				<param>50003_2</param>
				<param>lama.png</param>
			</event>
		</events>
		<node_id>50004</node_id>
	</node>
	<node>
		<id>50004</id>
		<ia>2</ia>
		<type_ia>WalkingIA</type_ia>
		<events>
			<event>
				<type>D</type>
				<param>40007</param>
				<param>tux.png</param>
			</event>
			<event>
				<type>TS</type>
				<param>11</param>
				<param>50006</param>
				<param>50005</param>
			</event>
		</events>
		<node_id>50005</node_id>
	</node>
	<node>
		<id>50005</id>
		<ia>-1</ia>
		<type_ia>StayingIA</type_ia>
		<events>
			<event>
				<type>D</type>
				<param>40008</param>
				<param>lama.png</param>
			</event>
		</events>
		<node_id>50007</node_id>
	</node>
	<node>
		<id>50006</id>
		<ia>-1</ia>
		<type_ia>StayingIA</type_ia>
		<events>
			<event>
				<type>D</type>
				<param>40009</param>
				<param>lama.png</param>
			</event>
		</events>
		<node_id>50007</node_id>
	</node>
	<node>
		<id>50007</id>
		<ia>-1</ia>
		<type_ia>StayingIA</type_ia>
		<events>
			<event>
				<type>D</type>
				<param>50007</param>
				<param>lama.png</param>
			</event>
		</events>
		<node_id>50008</node_id>
	</node>
	<node>
		<id>50008</id>
		<ia>7</ia>
		<type_ia>StayingIA</type_ia>
		<events>
			<event>
				<type>D</type>
				<param>50008</param>
				<param>homme.png</param>
			</event>
		</events>
		<node_id>50009</node_id>
	</node>
	<node>
		<id>50009</id>
		<ia>0</ia>
		<type_ia>WalkingIA</type_ia>
		<events>
			<event>
				<type>D</type>
				<param>50009</param>
				<param>timeo.png</param>
			</event>
			<event>
				<type>TS</type>
				<param>11</param>
				<param>50011</param>
				<param>50010</param>
			</event>
		</events>
		<node_id>-1</node_id>
	</node>
	<node>
		<id>50010</id>
		<ia>-1</ia>
		<type_ia>StayingIA</type_ia>
		<events>
			<event>
				<type>D</type>
				<param>50010</param>
				<param>lama.png</param>
			</event>
			<event>
				<type>T</type>
				<param>5</param>
			</event>
		</events>
		<node_id>-1</node_id>
	</node>
	<node>
		<id>50011</id>
		<ia>-1</ia>
		<type_ia>StayingIA</type_ia>
		<events>
			<event>
				<type>D</type>
				<param>50011</param>
				<param>lama.png</param>
			</event>
			<event>
				<type>T</type>
				<param>5</param>
			</event>
		</events>
		<node_id>-1</node_id>
	</node>
	
</nodes>
